891,City of Joy,2016,0.0,9.3,110.0,1,0,1,0,Roland Joffé,Drama,"France,United Kingdom",English,132.0
19,The King's Speech,2010,18.0,10.0,105.0,1,0,0,0,Tom Hooper,"Biography,Drama,History","United Kingdom,United States,Australia",English,118.0
506,Pink,2016,0.0,9.1,105.0,1,0,0,0,Aniruddha Roy Chowdhury,"Drama,Thriller",India,"Hindi,English",136.0
127,Bad Genius,2017,13.0,8.6,105.0,1,0,0,0,Nattawut Poonpiriya,"Comedy,Crime,Drama,Thriller",Thailand,"Thai,English",130.0
31,Marriage Story,2019,18.0,10.0,105.0,1,0,0,0,Noah Baumbach,"Comedy,Drama,Romance","United Kingdom,United States","English,Spanish",137.0
511,Furie,2019,18.0,7.8,105.0,1,0,0,0,David Ayer,"Action,Drama,War","United States,China,United Kingdom","English,German",134.0
14,Room,2015,18.0,10.1,103.0,1,0,0,0,Lenny Abrahamson,"Drama,Thriller","Ireland,Canada,United Kingdom,United States",English,118.0
60,Hugo,2011,7.0,9.5,103.0,1,0,0,0,Martin Scorsese,"Drama,Family,Fantasy,Mystery","United Kingdom,United States,France",English,126.0
816,Homecoming: A Film by Beyoncé,2019,13.0,8.4,103.0,1,0,0,0,"Beyoncé,Ed Burke","Documentary,Music",United States,English,137.0
6,Spider-Man: Into the Spider-Verse,2018,7.0,9.4,102.0,1,0,0,0,"Bob Persichetti,Peter Ramsey,Rodney Rothman","Animation,Action,Adventure,Family,Sci-Fi",United States,"English,Spanish",117.0
281,The Edge of Democracy,2019,16.0,8.1,102.0,1,0,0,0,Petra Costa,"Documentary,History",Brazil,"Portuguese,English",121.0
144,Mudbound,2017,18.0,8.4,102.0,1,0,0,0,Dee Rees,"Drama,War",United States,English,134.0
79,Mud,2013,13.0,8.4,102.0,1,0,0,0,Jeff Nichols,Drama,United States,English,130.0
91,Dolemite Is My Name,2019,18.0,8.3,102.0,1,0,0,0,Craig Brewer,"Biography,Comedy,Drama",United States,English,118.0
304,Happy as Lazzaro,2018,0.0,9.6,101.0,1,0,0,0,Alice Rohrwacher,"Drama,Fantasy","Italy,Switzerland,France,Germany","Italian,English",128.0
22,The Social Network,2010,13.0,8.7,101.0,1,0,0,0,David Fincher,"Biography,Drama",United States,"English,French",120.0
20,Her,2013,18.0,9.0,100.0,1,0,0,0,Spike Jonze,"Drama,Romance,Sci-Fi",United States,English,126.0
85,The Two Popes,2019,13.0,9.6,99.0,1,0,0,0,Fernando Meirelles,"Comedy,Drama","United Kingdom,Italy","English,Spanish,Italian,Latin,Portuguese,French,German",125.0
268,Private Life,2018,0.0,8.2,99.0,1,0,0,0,Tamara Jenkins,"Comedy,Drama",United States,English,123.0
34,Incredibles 2,2018,7.0,8.6,99.0,1,0,0,0,Brad Bird,"Animation,Action,Adventure,Comedy,Family,Sci-Fi",United States,English,118.0
23,Dallas Buyers Club,2013,18.0,9.0,98.0,1,0,0,0,Jean-Marc Vallée,"Biography,Drama",United States,"English,Japanese",117.0
97,Icarus,2017,18.0,8.9,98.0,1,0,0,0,Bryan Fogel,"Documentary,Sport,Thriller",United States,"English,Russian",120.0
990,Rolling Thunder Revue: A Bob Dylan Story by Martin Scorsese,2019,18.0,8.7,97.0,1,0,0,0,Martin Scorsese,"Documentary,Biography,History,Music",United States,English,142.0
232,The Night Comes for Us,2018,18.0,8.0,97.0,1,0,0,0,Timo Tjahjanto,"Action,Thriller","Indonesia,United States","Indonesian,English,Mandarin,French",121.0
27,Silver Linings Playbook,2012,18.0,8.7,97.0,1,0,0,0,David O. Russell,"Comedy,Drama,Romance",United States,English,122.0
114,The Lobster,2015,18.0,9.2,97.0,1,0,0,0,Yorgos Lanthimos,"Comedy,Drama,Romance,Sci-Fi,Thriller","Ireland,United Kingdom,Greece,France,Netherlands,United States","English,French,Greek",119.0
119,The Ballad of Buster Scruggs,2018,18.0,8.3,96.0,1,0,0,0,"Ethan Coen,Joel Coen","Comedy,Drama,Musical,Mystery,Romance,Western",United States,"English,French",133.0
478,Beasts of No Nation,2015,0.0,8.7,96.0,1,0,0,0,Cary Joji Fukunaga,"Drama,War",United States,"English,Akan",137.0
69,El Camino: A Breaking Bad Movie,2019,18.0,8.4,96.0,1,0,0,0,Vince Gilligan,"Action,Crime,Drama",United States,English,122.0
138,Steve Jobs,2015,18.0,9.2,95.0,1,0,0,0,Danny Boyle,"Biography,Drama","United Kingdom,United States",English,122.0
351,First They Killed My Father,2017,18.0,8.2,94.0,1,0,0,0,Angelina Jolie,"Biography,Drama,History,War","Cambodia,United States","Khmer,English,French",136.0
280,Supersonic,2016,18.0,9.9,94.0,1,0,0,0,Mat Whitecross,"Documentary,Biography,Music",United Kingdom,English,122.0
190,A Most Violent Year,2014,18.0,8.0,94.0,1,0,0,0,J.C. Chandor,"Action,Crime,Drama,Thriller","United States,United Arab Emirates","English,Spanish",125.0
622,The Other Side of the Wind,2018,18.0,8.8,93.0,1,0,0,0,Orson Welles,Drama,"France,Iran,United States","English,German",122.0
207,20th Century Women,2016,18.0,8.3,93.0,1,0,0,0,Mike Mills,"Comedy,Drama",United States,English,119.0
743,Highway,2014,13.0,8.7,93.0,1,0,0,0,Imtiaz Ali,"Crime,Drama,Romance",India,"Hindi,English",133.0
153,Tinker Tailor Soldier Spy,2011,18.0,9.1,93.0,1,0,0,0,Tomas Alfredson,"Drama,Mystery,Thriller","France,United Kingdom,Germany","English,Russian,Hungarian,French,Turkish",122.0
61,Ant-Man and the Wasp,2018,13.0,8.1,93.0,1,0,0,0,Peyton Reed,"Action,Adventure,Comedy,Sci-Fi",United States,"English,Spanish",118.0
94,Okja,2017,13.0,8.3,92.0,1,0,0,0,Bong Joon Ho,"Action,Adventure,Drama,Sci-Fi","South Korea,United States","English,Korean,Spanish",120.0
221,The Guernsey Literary & Potato Peel Pie Society,2018,0.0,9.4,91.0,1,0,0,0,Mike Newell,"Drama,Romance,War","United Kingdom,France,United States","English,German,French",124.0
228,Kon-Tiki,2012,13.0,9.2,91.0,1,0,1,0,"Joachim Rønning,Espen Sandberg","Adventure,Biography,Drama,History","United Kingdom,Norway,Denmark,Germany,Sweden","Norwegian,English,French,Swedish",118.0
167,The Master,2012,18.0,8.2,90.0,1,0,0,0,Paul Thomas Anderson,Drama,United States,"Filipino,English",138.0
264,The Stanford Prison Experiment,2015,18.0,7.9,89.0,1,0,0,0,Kyle Patrick Alvarez,"Biography,Drama,History,Thriller",United States,English,122.0
96,Saving Mr. Banks,2013,13.0,9.5,89.0,1,0,0,1,John Lee Hancock,"Biography,Comedy,Drama","United States,United Kingdom,Australia",English,125.0
46,The Theory of Everything,2014,13.0,9.7,89.0,1,0,0,0,James Marsh,"Biography,Drama,Romance","United Kingdom,Japan,United States","English,French",123.0
173,The Killing of a Sacred Deer,2017,18.0,9.0,89.0,1,0,0,0,Yorgos Lanthimos,"Drama,Horror,Mystery,Thriller","Ireland,United Kingdom","English,French",121.0
967,The Lovers,2017,18.0,7.0,89.0,1,0,0,0,George Stevens,"Drama,Romance",United States,English,122.0
229,Mary Poppins Returns,2018,7.0,8.7,89.0,1,0,0,0,Rob Marshall,"Comedy,Family,Fantasy,Musical","United States,United Kingdom",English,130.0
418,Everybody Knows,2018,18.0,8.9,88.0,1,0,0,0,Asghar Farhadi,"Crime,Drama,Mystery,Thriller","Spain,France,Italy,Argentina,Germany","Spanish,English,Catalan",133.0
569,Smoke & Mirrors,2016,0.0,7.9,88.0,1,0,0,0,Alberto Rodríguez,"Biography,Thriller",Spain,"Spanish,French,English",123.0
67,Molly's Game,2017,18.0,8.4,87.0,1,0,0,0,Aaron Sorkin,"Biography,Crime,Drama","China,Canada,United States",English,140.0
360,Holding the Man,2015,0.0,8.4,86.0,1,0,0,0,Neil Armfield,"Biography,Drama,Romance",Australia,English,127.0
326,22-Jul,2018,18.0,7.8,85.0,1,0,0,0,Paul Greengrass,"Crime,Drama,History,Thriller","Norway,Iceland,United States","English,Norwegian",143.0
897,Concussion,2013,18.0,7.6,85.0,1,0,0,0,Peter Landesman,"Biography,Drama,Sport","United Kingdom,Australia,United States",English,123.0
487,Talaash,2012,0.0,8.2,85.0,1,0,0,0,Reema Kagti,"Crime,Drama,Mystery,Thriller",India,"Hindi,English,Marathi,Tamil",140.0
989,Clive Davis: The Soundtrack of Our Lives,2017,13.0,8.4,85.0,1,0,0,0,Chris Perkel,Documentary,United States,English,123.0
703,Hasee Toh Phasee,2014,13.0,7.8,85.0,1,0,0,0,Vinil Mathew,"Comedy,Romance",India,"Hindi,English,Chinese,Spanish",141.0
588,Operation Red Sea,2018,18.0,7.7,85.0,1,0,0,0,Dante Lam,"Action,Drama,Thriller,War","China,Morocco,Hong Kong","Mandarin,Arabic,English",142.0
609,No One Killed Jessica,2011,13.0,8.2,85.0,1,0,0,0,Raj Kumar Gupta,"Biography,Crime,Drama,Thriller",India,"Hindi,English",136.0
372,The Sky Is Pink,2019,0.0,9.5,82.0,1,0,0,0,Shonali Bose,"Drama,Family,Romance","India,United Kingdom,Canada,United States","English,Hindi",143.0
1210,Apostle,2018,0.0,8.3,81.0,1,0,0,0,Gareth Evans,"Drama,Fantasy,Horror,Mystery,Thriller",United Kingdom,English,130.0
520,The Wandering Earth,2019,13.0,7.0,80.0,1,0,0,0,Frant Gwo,"Action,Drama,Sci-Fi",China,"Mandarin,English,Russian,French,Japanese,Korean,Indonesian,Hindi",125.0
169,The King,2019,18.0,9.2,80.0,1,0,0,0,David Michôd,"Biography,Drama,History,Romance,War","United Kingdom,Hungary,United States,Australia","English,French",140.0
205,Trumbo,2015,18.0,8.5,79.0,1,0,1,0,Jay Roach,"Biography,Drama",United States,English,124.0
515,Kursk,2018,13.0,8.6,79.0,1,0,0,0,Thomas Vinterberg,"Action,Adventure,Drama,History,Thriller","France,Belgium,Luxembourg,Romania,Canada,United States","English,Russian",117.0
74,About Time,2013,18.0,9.8,78.0,1,0,0,0,Richard Curtis,"Comedy,Drama,Fantasy,Romance,Sci-Fi",United Kingdom,English,123.0
410,Hold the Dark,2018,0.0,6.6,78.0,1,0,0,0,Jeremy Saulnier,"Drama,Horror,Mystery,Thriller",United States,English,125.0
329,Triple Frontier,2019,18.0,7.4,77.0,1,0,0,0,J.C. Chandor,"Action,Adventure,Crime,Drama,Thriller",United States,"English,Spanish,Portuguese",125.0
203,Hostiles,2017,18.0,8.2,77.0,1,0,0,0,Scott Cooper,"Drama,Western",United States,"English,Cheyenne,French",134.0
199,The Danish Girl,2015,18.0,9.1,77.0,1,0,0,0,Tom Hooper,"Biography,Drama,Romance","United Kingdom,United States,Germany,Denmark,Belgium,Japan","English,French,German",119.0
387,Heneral Luna,2015,18.0,8.6,76.0,1,0,0,0,Jerrold Tarog,"Action,Biography,History,War",Philippines,"Filipino,Tagalog,English,Spanish",118.0
912,Bon Cop Bad Cop 2,2017,0.0,7.6,76.0,1,0,0,0,Alain Desrochers,"Action,Comedy,Crime",Canada,"English,French",126.0
137,Solo: A Star Wars Story,2018,13.0,7.9,75.0,1,0,0,0,Ron Howard,"Action,Adventure,Sci-Fi",United States,English,135.0
368,Bleed for This,2016,18.0,7.8,74.0,1,0,0,0,Ben Younger,"Biography,Drama,Sport",United States,"English,French",117.0
188,Shot Caller,2017,18.0,8.3,74.0,1,0,0,0,Ric Roman Waugh,"Crime,Drama,Thriller",United States,English,121.0
647,Newness,2017,0.0,7.4,74.0,1,0,0,0,Drake Doremus,"Drama,Romance",United States,"English,Catalan,Spanish",117.0
238,The Hundred-Foot Journey,2014,7.0,8.3,72.0,1,0,0,0,Lasse Hallström,"Comedy,Drama","United States,India,United Arab Emirates","English,French",122.0
642,Guzaarish,2010,7.0,8.4,72.0,1,0,0,0,Sanjay Leela Bhansali,Drama,India,"Hindi,English",126.0
358,Outlaw King,2018,18.0,8.9,71.0,1,0,0,0,David Mackenzie,"Action,Biography,Drama,History,War","United Kingdom,United States","English,French,Scottish Gaelic",121.0
296,Legend,2015,18.0,8.9,71.0,1,0,0,0,Brian Helgeland,"Biography,Crime,Drama,Thriller","United Kingdom,France,United States",English,132.0
248,What Happened to Monday,2017,18.0,8.9,69.0,1,0,0,0,Tommy Wirkola,"Action,Adventure,Crime,Fantasy,Mystery,Sci-Fi,Thriller","United Kingdom,France,United States,Belgium",English,123.0
201,Bird Box,2018,18.0,7.6,68.0,1,0,0,0,Susanne Bier,"Drama,Horror,Sci-Fi",United States,English,124.0
295,The Highwaymen,2019,18.0,7.9,62.0,1,0,0,0,John Lee Hancock,"Biography,Crime,Drama,Mystery,Thriller",United States,"English,Spanish",132.0
903,The Rum Diary,2011,18.0,8.2,61.0,1,0,0,0,Bruce Robinson,"Comedy,Drama","United States,United Kingdom","English,Spanish,German",119.0
1734,Miss Julie,2014,13.0,7.4,61.0,1,0,0,0,Liv Ullmann,"Drama,Romance","Norway,United Kingdom,France,Ireland",English,129.0
1183,Blind Detective,2013,0.0,7.5,60.0,1,0,0,0,Johnnie To,"Comedy,Crime,Drama,Thriller","Hong Kong,China","English,Cantonese,Mandarin,Portuguese",130.0
754,All Day and a Night,2020,18.0,6.9,58.0,1,0,0,0,Joe Robert Cole,Drama,United States,English,121.0
631,Jersey Boys,2014,18.0,7.8,56.0,1,0,0,0,Clint Eastwood,"Biography,Drama,Music,Musical",United States,"English,Italian,French",134.0
818,Occupation,2018,18.0,6.1,55.0,1,0,0,0,Luke Sparke,"Action,Drama,Sci-Fi",Australia,English,119.0
1354,Badland,2019,16.0,6.7,55.0,1,0,0,0,Justin Lee,Western,United States,English,117.0
275,Olympus Has Fallen,2013,18.0,7.5,54.0,1,0,0,0,Antoine Fuqua,"Action,Thriller",United States,"English,Korean",119.0
951,War Machine,2017,18.0,7.0,53.0,1,0,0,0,David Michôd,"Comedy,Drama,War",United States,"English,Pushto",122.0
1108,The Bad Batch,2017,18.0,6.3,52.0,1,0,0,0,Ana Lily Amirpour,"Drama,Horror,Romance,Sci-Fi",United States,English,118.0
1225,Happy New Year,2014,0.0,6.0,52.0,1,0,0,0,Garry Marshall,"Comedy,Romance",United States,English,118.0
943,Chennai Express,2013,13.0,7.0,52.0,1,0,0,0,Rohit Shetty,"Action,Comedy",India,"Hindi,Tamil,English,Marathi",141.0
639,The Green Hornet,2011,13.0,6.8,49.0,1,0,0,0,Michel Gondry,"Action,Comedy",United States,"English,Mandarin",119.0
698,Sergio,2020,18.0,7.1,49.0,1,0,0,0,Greg Barker,"Biography,Drama,History,Romance",United States,"English,Portuguese,Spanish,French",118.0
716,Horns,2013,18.0,7.5,46.0,1,0,0,0,Alexandre Aja,"Comedy,Crime,Drama,Fantasy,Mystery,Thriller","United States,Canada",English,120.0
320,Den of Thieves,2018,18.0,8.0,46.0,1,0,0,0,Christian Gudegast,"Action,Crime,Drama,Mystery,Thriller",United States,"English,Polynesian,Spanish",140.0
1473,By the Sea,2015,18.0,7.3,44.0,1,0,0,0,Angelina Jolie,"Drama,Romance","France,Malta,United States","English,French,Ukrainian",122.0
227,Angel Has Fallen,2019,18.0,7.4,44.0,1,0,0,0,Ric Roman Waugh,"Action,Thriller",United States,English,121.0
407,6 Underground,2019,18.0,7.1,41.0,1,0,0,0,Michael Bay,"Action,Comedy,Thriller",United States,"English,Turkmen,Cantonese,Italian,Spanish,Ukrainian,French",128.0
578,Burlesque,2010,13.0,7.4,41.0,1,0,0,0,Steve Antin,"Drama,Music,Musical,Romance",United States,English,119.0
768,Same Kind of Different as Me,2017,13.0,7.6,38.0,1,0,0,0,Michael Carney,"Biography,Drama",United States,English,119.0
1019,For Colored Girls,2010,18.0,7.1,37.0,1,0,0,0,Tyler Perry,Drama,United States,English,133.0
689,The Red Sea Diving Resort,2019,18.0,7.5,35.0,1,0,0,0,Gideon Raff,"Drama,History,Thriller",Canada,"English,Amharic",129.0
345,Bright,2017,18.0,7.3,33.0,1,0,0,0,David Ayer,"Action,Fantasy,Thriller",United States,"English,Spanish",117.0
1350,Sandy Wexler,2017,16.0,6.1,32.0,1,0,0,0,Steven Brill,Comedy,United States,English,130.0
774,Jupiter Ascending,2015,13.0,6.3,32.0,1,0,0,0,"Lana Wachowski,Lilly Wachowski","Action,Adventure,Sci-Fi","United States,Australia","English,Russian",127.0
1178,Mute,2018,18.0,7.4,30.0,1,0,1,0,Duncan Jones,"Mystery,Sci-Fi,Thriller","United Kingdom,Germany","English,German",126.0
659,Transcendence,2014,13.0,8.3,30.0,1,0,0,0,Wally Pfister,"Action,Drama,Sci-Fi,Thriller","United Kingdom,China,United States",English,119.0
1563,Jem and the Holograms,2015,7.0,5.1,27.0,1,0,0,0,Jon M. Chu,"Adventure,Drama,Family,Fantasy,Music,Romance,Sci-Fi",United States,English,118.0
1809,Big Kill,2018,18.0,6.3,27.0,1,0,0,0,Scott Martin,"Action,Western",United States,English,126.0
1207,Country Strong,2010,13.0,7.3,27.0,1,0,0,0,Shana Feste,"Drama,Music",United States,English,117.0
2317,Monsters: Dark Continent,2014,18.0,6.3,27.0,1,0,0,0,Tom Green,"Action,Drama,Horror,Sci-Fi,Thriller,War",United Kingdom,English,119.0
1149,The Invisible Guardian,2017,0.0,7.3,25.0,1,0,0,0,Fernando González Molina,Thriller,"Spain,Germany","Spanish,English,Basque",129.0
690,Self/less,2015,13.0,7.5,24.0,1,0,0,0,Tarsem Singh,"Action,Mystery,Sci-Fi,Thriller",United States,English,117.0
966,Valentine's Day,2010,13.0,6.7,23.0,1,0,0,0,Garry Marshall,"Comedy,Romance",United States,"English,Spanish,Russian,Italian",125.0
1462,W.E.,2011,18.0,8.3,22.0,1,0,0,0,Madonna,"Drama,History,Romance",United Kingdom,"English,French,Russian",119.0
1489,USS Indianapolis: Men of Courage,2016,18.0,6.2,22.0,1,0,0,0,Mario Van Peebles,"Action,Drama,History,Thriller,War",United States,"English,Japanese",128.0
1428,Polar,2019,18.0,7.3,21.0,1,0,0,0,Jonas Åkerlund,"Action,Crime,Drama,Thriller","Germany,United States","English,Russian",118.0
802,The Space Between Us,2017,13.0,7.4,21.0,1,0,0,0,Peter Chelsom,"Drama,Romance,Sci-Fi",United States,English,120.0
1802,The Black Prince,2017,13.0,8.6,17.0,1,0,0,0,Kavi Raz,"Drama,History","United Kingdom,India,United States","English,Punjabi",118.0
